,region,average oil consumption
0,ER,3203.5390666666663
1,WR,6818.6967428571415
2,NR,5075.03796969697
3,SR,5965.2244142857135
4,NER,489.87662857142857
5,IN,15803.4521
